Workbook

Sheet Emergency Store
A1: Product ID | B1: Product Name | C1: Price | D1: Production Cost
A2: 10001 | B2: Nylon Rope | C2: 30.99 | D2: 13.67
A3: 10002 | B3: Waterproof Matches | C3: 7.99 | D3: 2.89
A4: 10003 | B4: Stainless Steel Axe | C4: 45.5 | D4: 32.45
A5: 10004 | B5: Backpack | C5: 39.99 | D5: 26.92
A6: 10005 | B6: Multitool Survivial Knife | C6: 28.99 | D6: 10.58
A7: 10006 | B7: Solar Battery Flashlight | C7: 26.49 | D7: 13.41
A8: 10007 | B8: Weatherproof Jacket | C8: 79.99 | D8: 30.59
A9: 10008 | B9: Duct Tape | C9: 6.25 | D9: 4.87
A10: 10009 | B10: Water Purifier | C10: 30.25 | D10: 17.93
A11: 10010 | B11: N95 Mask | C11: 2.75 | D11: 1.01

Sheet Emergency Sales
A1: Cust ID | B1: Customer | C1: Product ID | D1: Order ID | E1: Units Sold | F1: Date Purchased
A2: {=XLOOKUP(B2,'Customer Information'!B:B,'Customer Information'!A:A)} -> 1234 | B2: Uncle Joe's Prep Shop | C2: 10006 | D2: 1904 | E2: 32 | F2: 45658
A3: {=XLOOKUP(B3,'Customer Information'!B:B,'Customer Information'!A:A)} -> 9876 | B3: Emergency Preppers | C3: 10005 | D3: 3966 | E3: 68 | F3: 45659
A4: {=XLOOKUP(B4,'Customer Information'!B:B,'Customer Information'!A:A)} -> 2468 | B4: Emergency Preppers United | C4: 10004 | D4: 7348 | E4: 69 | F4: 45660
A5: {=XLOOKUP(B5,'Customer Information'!B:B,'Customer Information'!A:A)} -> 1357 | B5: Prep4Anything Prepping Store | C5: 10005 | D5: 2409 | E5: 48 | F5: 45661
A6: {=XLOOKUP(B6,'Customer Information'!B:B,'Customer Information'!A:A)} -> 1234 | B6: Uncle Joe's Prep Shop | C6: 10010 | D6: 2045 | E6: 70 | F6: 45662
A7: {=XLOOKUP(B7,'Customer Information'!B:B,'Customer Information'!A:A)} -> 9876 | B7: Emergency Preppers | C7: 10008 | D7: 9151 | E7: 6 | F7: 45663
A8: {=XLOOKUP(B8,'Customer Information'!B:B,'Customer Information'!A:A)} -> 2468 | B8: Emergency Preppers United | C8: 10003 | D8: 1065 | E8: 59 | F8: 45664
A9: {=XLOOKUP(B9,'Customer Information'!B:B,'Customer Information'!A:A)} -> 1357 | B9: Prep4Anything Prepping Store | C9: 10003 | D9: 3780 | E9: 72 | F9: 45665
A10: {=XLOOKUP(B10,'Customer Information'!B:B,'Customer Information'!A:A)} -> 1234 | B10: Uncle Joe's Prep Shop | C10: 10001 | D10: 1043 | E10: 67 | F10: 45666
A11: {=XLOOKUP(B11,'Customer Information'!B:B,'Customer Information'!A:A)} -> 9876 | B11: Emergency Preppers | C11: 10007 | D11: 7075 | E11: 7 | F11: 45667
A12: {=XLOOKUP(B12,'Customer Information'!B:B,'Customer Information'!A:A)} -> 2468 | B12: Emergency Preppers United | C12: 10001 | D12: 6778 | E12: 23 | F12: 45668
A13: {=XLOOKUP(B13,'Customer Information'!B:B,'Customer Information'!A:A)} -> 1357 | B13: Prep4Anything Prepping Store | C13: 10008 | D13: 3572 | E13: 56 | F13: 45669
... A75: {=XLOOKUP(B75,'Customer Information'!B:B,'Customer Information'!A:A)} -> 2468 | B75: Emergency Preppers United | C75: 10001 | D75: 2005 | E75: 46 | F75: 45731

Sheet Customer Information
A1: Customer ID | B1: Customer | C1: Address | D1: City | E1: State | F1: Zipcode
A2: 1234 | B2: Uncle Joe's Prep Shop | C2: 123 Main Street | D2: Dallas | E2: Texas | F2: 70571
A3: 9876 | B3: Emergency Preppers | C3: 369 Real Avenue | D3: New York | E3: New York | F3: 12546
A4: 2468 | B4: Emergency Preppers United | C4: 444 Four Street | D4: Benson | E4: Minnesota | F4: 93873
A5: 1357 | B5: Prep4Anything Prepping Store | C5: 927 Apoco Street | D5: Jefferson City | E5: Missouri | F5: 34979
